HITId,HITTypeId,Title,Description,Keywords,Reward,CreationTime,MaxAssignments,RequesterAnnotation,AssignmentDurationInSeconds,AutoApprovalDelayInSeconds,Expiration,NumberOfSimilarHITs,LifetimeInSeconds,AssignmentId,WorkerId,AssignmentStatus,AcceptTime,SubmitTime,AutoApprovalTime,ApprovalTime,RejectionTime,RequesterFeedback,WorkTimeInSeconds,LifetimeApprovalRate,Last30DaysApprovalRate,Last7DaysApprovalRate,Answer.q1,Answer.q2,Answer.q3,Answer.q4,Answer.q5,Answer.q6,Answer.q7,Answer.q8,Answer.q9,Answer.q10,Answer.q11,Answer.q12,Answer.q13,Answer.q14,Answer.q15,Answer.q16,Answer.q17,Answer.q18,Answer.q19,Answer.q20,Answer.q21,Answer.q22,Answer.q23,Answer.q24,Answer.q25,Answer.q26,Answer.q27,Answer.q28,Answer.q29,Answer.q30,Answer.q31,Answer.q32,Answer.q33,Answer.q34,Answer.q35,Answer.q36,Answer.q37,Answer.q38,Answer.q39,Answer.q40,Answer.q41,Answer.q42,Answer.q43,Answer.q44,Answer.q45,Answer.q46,Answer.q47,Answer.q48,Answer.q49,Answer.q50,Answer.q51,Answer.q52,Answer.q53,Answer.q54,Answer.q55,Answer.q56,Answer.q57,Answer.q58,Approve,Reject
3XJOUITW9LMMM9DPIDW5DNJ544HQT4,38MPDVA2YH6BLH1A0DWYIAD0U2YGM0,Evaluating AI-Generated Images,"You will be shown a series of text descriptions (prompts) and two images. For each pair, you will be asked to choose which of the two images is a better and more realistic match for the given text prompt.",survey,$0.40,Tue Aug 12 06:52:44 PDT 2025,100,BatchId:5338826;OriginalHitTemplateId:928390912;,480,259200,Tue Aug 19 06:52:44 PDT 2025,,,30IQTZXKBC181HF4XS8PC39LE1CX0E,A3PBZQL9OOO6V,Submitted,Tue Aug 12 06:53:03 PDT 2025,Tue Aug 12 06:59:37 PDT 2025,Fri Aug 15 06:59:37 PDT 2025,,,,394,0% (0/0),0% (0/0),0% (0/0),B,A,B,B,B,A,B,A,B,A,B,B,A,A,A,B,B,B,B,B,A,B,B,B,B,B,B,A,B,A,B,B,B,A,B,B,B,A,B,B,B,B,B,B,B,A,B,A,B,B,A,B,A,B,B,B,B,B,,
3XJOUITW9LMMM9DPIDW5DNJ544HQT4,38MPDVA2YH6BLH1A0DWYIAD0U2YGM0,Evaluating AI-Generated Images,"You will be shown a series of text descriptions (prompts) and two images. For each pair, you will be asked to choose which of the two images is a better and more realistic match for the given text prompt.",survey,$0.40,Tue Aug 12 06:52:44 PDT 2025,100,BatchId:5338826;OriginalHitTemplateId:928390912;,480,259200,Tue Aug 19 06:52:44 PDT 2025,,,30JNVC0OS1FZ3KKO9MKIONC93FSHQ4,AR3ESTB6DUGVR,Submitted,Tue Aug 12 07:01:28 PDT 2025,Tue Aug 12 07:06:36 PDT 2025,Fri Aug 15 07:06:36 PDT 2025,,,,308,0% (0/0),0% (0/0),0% (0/0),A,A,A,A,A,B,A,B,B,A,B,B,A,A,A,A,A,B,A,B,B,A,A,A,B,A,A,B,B,B,A,A,A,A,B,B,A,A,B,A,A,A,A,B,B,B,B,A,A,A,A,B,A,B,A,A,B,A,,
3XJOUITW9LMMM9DPIDW5DNJ544HQT4,38MPDVA2YH6BLH1A0DWYIAD0U2YGM0,Evaluating AI-Generated Images,"You will be shown a series of text descriptions (prompts) and two images. For each pair, you will be asked to choose which of the two images is a better and more realistic match for the given text prompt.",survey,$0.40,Tue Aug 12 06:52:44 PDT 2025,100,BatchId:5338826;OriginalHitTemplateId:928390912;,480,259200,Tue Aug 19 06:52:44 PDT 2025,,,345LHZDEEPNC15K6BAFLUU8ONVG3UO,ANY5TLS00AIG2,Submitted,Tue Aug 12 07:01:18 PDT 2025,Tue Aug 12 07:02:18 PDT 2025,Fri Aug 15 07:02:18 PDT 2025,,,,60,0% (0/0),0% (0/0),0% (0/0),A,A,B,B,A,A,A,A,B,A,B,A,A,A,B,A,A,A,A,B,A,A,B,B,A,A,B,A,B,A,A,B,A,A,A,B,A,A,B,A,B,A,A,A,A,A,A,A,A,A,A,A,A,A,A,B,A,A,,
3XJOUITW9LMMM9DPIDW5DNJ544HQT4,38MPDVA2YH6BLH1A0DWYIAD0U2YGM0,Evaluating AI-Generated Images,"You will be shown a series of text descriptions (prompts) and two images. For each pair, you will be asked to choose which of the two images is a better and more realistic match for the given text prompt.",survey,$0.40,Tue Aug 12 06:52:44 PDT 2025,100,BatchId:5338826;OriginalHitTemplateId:928390912;,480,259200,Tue Aug 19 06:52:44 PDT 2025,,,34J10VATK7TZZFV8F423OZDO3S8QI7,A21X40K1JQVQZJ,Submitted,Tue Aug 12 07:01:38 PDT 2025,Tue Aug 12 07:07:18 PDT 2025,Fri Aug 15 07:07:18 PDT 2025,,,,340,0% (0/0),0% (0/0),0% (0/0),A,B,A,A,A,B,B,B,A,B,A,A,B,B,A,A,A,A,A,A,B,A,A,A,A,A,B,B,B,B,A,A,B,B,A,B,B,,B,B,B,A,B,A,B,A,B,A,A,B,A,B,A,B,A,B,B,A,,
3XJOUITW9LMMM9DPIDW5DNJ544HQT4,38MPDVA2YH6BLH1A0DWYIAD0U2YGM0,Evaluating AI-Generated Images,"You will be shown a series of text descriptions (prompts) and two images. For each pair, you will be asked to choose which of the two images is a better and more realistic match for the given text prompt.",survey,$0.40,Tue Aug 12 06:52:44 PDT 2025,100,BatchId:5338826;OriginalHitTemplateId:928390912;,480,259200,Tue Aug 19 06:52:44 PDT 2025,,,34S9DKFK8VK0MIXL3UWP6TC7O0INYM,A24C1VGPDWHLAV,Submitted,Tue Aug 12 07:01:28 PDT 2025,Tue Aug 12 07:07:29 PDT 2025,Fri Aug 15 07:07:29 PDT 2025,,,,361,0% (0/0),0% (0/0),0% (0/0),B,B,A,B,B,B,A,B,B,B,A,B,A,B,B,B,B,A,B,A,A,B,B,A,B,B,A,A,A,B,B,B,A,A,B,B,A,B,,A,B,B,B,B,A,A,B,A,B,B,A,B,B,B,B,B,A,A,,
3XJOUITW9LMMM9DPIDW5DNJ544HQT4,38MPDVA2YH6BLH1A0DWYIAD0U2YGM0,Evaluating AI-Generated Images,"You will be shown a series of text descriptions (prompts) and two images. For each pair, you will be asked to choose which of the two images is a better and more realistic match for the given text prompt.",survey,$0.40,Tue Aug 12 06:52:44 PDT 2025,100,BatchId:5338826;OriginalHitTemplateId:928390912;,480,259200,Tue Aug 19 06:52:44 PDT 2025,,,34Z02EIMJK81K06KSI7SN0OF15R0T1,A26GNQ4R8TVTBG,Submitted,Tue Aug 12 06:53:38 PDT 2025,Tue Aug 12 07:01:10 PDT 2025,Fri Aug 15 07:01:10 PDT 2025,,,,452,0% (0/0),0% (0/0),0% (0/0),B,A,B,B,B,B,B,A,B,B,A,B,,A,B,,A,B,B,B,A,B,A,B,A,B,B,A,B,B,A,B,A,B,B,A,B,A,B,A,B,B,A,B,B,B,A,B,B,B,B,A,B,B,A,A,B,A,,
3XJOUITW9LMMM9DPIDW5DNJ544HQT4,38MPDVA2YH6BLH1A0DWYIAD0U2YGM0,Evaluating AI-Generated Images,"You will be shown a series of text descriptions (prompts) and two images. For each pair, you will be asked to choose which of the two images is a better and more realistic match for the given text prompt.",survey,$0.40,Tue Aug 12 06:52:44 PDT 2025,100,BatchId:5338826;OriginalHitTemplateId:928390912;,480,259200,Tue Aug 19 06:52:44 PDT 2025,,,3570Y55X0HEUCQGZGQJUG93ANOVGY6,A4W6VB5YF176F,Submitted,Tue Aug 12 06:53:02 PDT 2025,Tue Aug 12 07:00:37 PDT 2025,Fri Aug 15 07:00:37 PDT 2025,,,,455,0% (0/0),0% (0/0),0% (0/0),B,A,B,B,B,A,B,A,B,A,B,B,A,A,B,B,B,A,B,A,A,B,B,B,B,B,A,A,A,A,B,B,B,B,B,A,B,B,B,A,A,A,B,A,B,A,B,A,A,B,A,B,A,B,A,B,B,A,,
3XJOUITW9LMMM9DPIDW5DNJ544HQT4,38MPDVA2YH6BLH1A0DWYIAD0U2YGM0,Evaluating AI-Generated Images,"You will be shown a series of text descriptions (prompts) and two images. For each pair, you will be asked to choose which of the two images is a better and more realistic match for the given text prompt.",survey,$0.40,Tue Aug 12 06:52:44 PDT 2025,100,BatchId:5338826;OriginalHitTemplateId:928390912;,480,259200,Tue Aug 19 06:52:44 PDT 2025,,,35BLDD71JYSDZDGZ17KZUHFMGXPVZ3,A26KNTBSOL8U38,Submitted,Tue Aug 12 06:53:38 PDT 2025,Tue Aug 12 07:01:09 PDT 2025,Fri Aug 15 07:01:09 PDT 2025,,,,451,0% (0/0),0% (0/0),0% (0/0),A,,,,,,,,,,,,,,,,,,,,,,,,,,,,,,,,,,,,,,,,,,,,,,,,,,,,,,,,,,,
3XJOUITW9LMMM9DPIDW5DNJ544HQT4,38MPDVA2YH6BLH1A0DWYIAD0U2YGM0,Evaluating AI-Generated Images,"You will be shown a series of text descriptions (prompts) and two images. For each pair, you will be asked to choose which of the two images is a better and more realistic match for the given text prompt.",survey,$0.40,Tue Aug 12 06:52:44 PDT 2025,100,BatchId:5338826;OriginalHitTemplateId:928390912;,480,259200,Tue Aug 19 06:52:44 PDT 2025,,,35GCEFQ6JXJTN4EGHXETBMN3PDUZ38,A2J269V9SJX7S5,Submitted,Tue Aug 12 06:53:03 PDT 2025,Tue Aug 12 06:56:22 PDT 2025,Fri Aug 15 06:56:22 PDT 2025,,,,199,0% (0/0),0% (0/0),0% (0/0),B,A,B,B,A,B,A,B,A,B,A,B,A,B,A,B,B,A,B,B,B,A,A,B,A,B,A,A,A,A,A,B,B,A,B,B,A,B,A,B,B,B,A,A,B,A,B,A,B,B,A,B,A,B,A,B,A,B,,
3XJOUITW9LMMM9DPIDW5DNJ544HQT4,38MPDVA2YH6BLH1A0DWYIAD0U2YGM0,Evaluating AI-Generated Images,"You will be shown a series of text descriptions (prompts) and two images. For each pair, you will be asked to choose which of the two images is a better and more realistic match for the given text prompt.",survey,$0.40,Tue Aug 12 06:52:44 PDT 2025,100,BatchId:5338826;OriginalHitTemplateId:928390912;,480,259200,Tue Aug 19 06:52:44 PDT 2025,,,35GCEFQ6JXJTN4EGHXETBMN3PDV3ZD,AAYLCV5OMZL7U,Submitted,Tue Aug 12 07:03:43 PDT 2025,Tue Aug 12 07:05:54 PDT 2025,Fri Aug 15 07:05:54 PDT 2025,,,,131,0% (0/0),0% (0/0),0% (0/0),A,A,A,A,A,A,B,B,A,A,A,B,A,A,A,B,A,A,A,B,A,A,A,A,A,B,A,B,A,A,B,A,A,A,A,B,A,A,A,A,A,B,A,A,B,A,A,B,A,A,B,A,A,B,A,A,A,B,,
3XJOUITW9LMMM9DPIDW5DNJ544HQT4,38MPDVA2YH6BLH1A0DWYIAD0U2YGM0,Evaluating AI-Generated Images,"You will be shown a series of text descriptions (prompts) and two images. For each pair, you will be asked to choose which of the two images is a better and more realistic match for the given text prompt.",survey,$0.40,Tue Aug 12 06:52:44 PDT 2025,100,BatchId:5338826;OriginalHitTemplateId:928390912;,480,259200,Tue Aug 19 06:52:44 PDT 2025,,,388U7OUMGZWO4LTSOT2XNLNXDKU0RO,A29QWU4TE8WZBJ,Submitted,Tue Aug 12 06:53:38 PDT 2025,Tue Aug 12 06:57:41 PDT 2025,Fri Aug 15 06:57:41 PDT 2025,,,,243,0% (0/0),0% (0/0),0% (0/0),A,B,B,B,B,B,A,B,A,B,A,A,B,A,B,A,A,A,B,A,A,B,A,A,B,A,B,A,B,B,A,B,A,B,B,B,A,B,A,A,A,A,A,A,A,B,A,A,B,A,B,A,A,A,B,A,A,B,,
3XJOUITW9LMMM9DPIDW5DNJ544HQT4,38MPDVA2YH6BLH1A0DWYIAD0U2YGM0,Evaluating AI-Generated Images,"You will be shown a series of text descriptions (prompts) and two images. For each pair, you will be asked to choose which of the two images is a better and more realistic match for the given text prompt.",survey,$0.40,Tue Aug 12 06:52:44 PDT 2025,100,BatchId:5338826;OriginalHitTemplateId:928390912;,480,259200,Tue Aug 19 06:52:44 PDT 2025,,,39GAF6DQXJVG4HVRTWB72NVA3IBV1D,A2LE2F5QO2GG8,Submitted,Tue Aug 12 06:58:21 PDT 2025,Tue Aug 12 07:05:44 PDT 2025,Fri Aug 15 07:05:44 PDT 2025,,,,443,0% (0/0),0% (0/0),0% (0/0),,,B,B,B,A,B,A,B,A,B,B,A,A,A,B,A,B,A,A,B,A,A,A,A,A,B,B,A,B,B,A,B,B,A,B,A,B,A,A,A,A,A,B,B,A,B,A,A,B,A,B,A,B,A,B,B,A,,
3XJOUITW9LMMM9DPIDW5DNJ544HQT4,38MPDVA2YH6BLH1A0DWYIAD0U2YGM0,Evaluating AI-Generated Images,"You will be shown a series of text descriptions (prompts) and two images. For each pair, you will be asked to choose which of the two images is a better and more realistic match for the given text prompt.",survey,$0.40,Tue Aug 12 06:52:44 PDT 2025,100,BatchId:5338826;OriginalHitTemplateId:928390912;,480,259200,Tue Aug 19 06:52:44 PDT 2025,,,39N5ACM9I6ILO21QBXH1B1OBF6XP9U,A57CKWIDGUQ27,Submitted,Tue Aug 12 07:01:07 PDT 2025,Tue Aug 12 07:04:39 PDT 2025,Fri Aug 15 07:04:39 PDT 2025,,,,212,0% (0/0),0% (0/0),0% (0/0),A,B,A,A,A,B,A,B,A,B,A,A,B,B,A,A,A,B,A,A,A,B,A,A,A,A,B,B,B,B,B,A,B,,A,B,A,A,A,A,A,A,A,B,B,A,B,A,A,B,A,B,A,B,A,B,B,A,,
3XJOUITW9LMMM9DPIDW5DNJ544HQT4,38MPDVA2YH6BLH1A0DWYIAD0U2YGM0,Evaluating AI-Generated Images,"You will be shown a series of text descriptions (prompts) and two images. For each pair, you will be asked to choose which of the two images is a better and more realistic match for the given text prompt.",survey,$0.40,Tue Aug 12 06:52:44 PDT 2025,100,BatchId:5338826;OriginalHitTemplateId:928390912;,480,259200,Tue Aug 19 06:52:44 PDT 2025,,,39RP059MF9OYRSJAH135L3P6Y1QBMV,A3BZFWDXKOXOJ6,Submitted,Tue Aug 12 07:01:18 PDT 2025,Tue Aug 12 07:06:49 PDT 2025,Fri Aug 15 07:06:49 PDT 2025,,,,331,0% (0/0),0% (0/0),0% (0/0),A,B,A,B,A,B,A,B,A,B,A,B,A,B,B,A,B,A,B,A,B,A,B,A,A,B,B,A,A,B,A,B,A,B,A,B,B,A,A,B,B,A,B,B,B,B,,B,B,A,B,B,A,,,B,B,A,,
3XJOUITW9LMMM9DPIDW5DNJ544HQT4,38MPDVA2YH6BLH1A0DWYIAD0U2YGM0,Evaluating AI-Generated Images,"You will be shown a series of text descriptions (prompts) and two images. For each pair, you will be asked to choose which of the two images is a better and more realistic match for the given text prompt.",survey,$0.40,Tue Aug 12 06:52:44 PDT 2025,100,BatchId:5338826;OriginalHitTemplateId:928390912;,480,259200,Tue Aug 19 06:52:44 PDT 2025,,,39ZSFO5CB0RNMJMVEV78A1PDJS1UJQ,A3OOWUBV0I1817,Submitted,Tue Aug 12 07:00:57 PDT 2025,Tue Aug 12 07:02:06 PDT 2025,Fri Aug 15 07:02:06 PDT 2025,,,,69,0% (0/0),0% (0/0),0% (0/0),B,B,B,,A,B,,B,,,,,,,,,,,,,,,,,,,,,,,,,,,,,,,,,,,,,,,,,,,,,,,,,,,,
3XJOUITW9LMMM9DPIDW5DNJ544HQT4,38MPDVA2YH6BLH1A0DWYIAD0U2YGM0,Evaluating AI-Generated Images,"You will be shown a series of text descriptions (prompts) and two images. For each pair, you will be asked to choose which of the two images is a better and more realistic match for the given text prompt.",survey,$0.40,Tue Aug 12 06:52:44 PDT 2025,100,BatchId:5338826;OriginalHitTemplateId:928390912;,480,259200,Tue Aug 19 06:52:44 PDT 2025,,,3A4NIXBJ8YUA415M8ESZZ6LBAV6LMU,AHXJV69FAZ21L,Submitted,Tue Aug 12 06:53:50 PDT 2025,Tue Aug 12 07:00:41 PDT 2025,Fri Aug 15 07:00:41 PDT 2025,,,,411,0% (0/0),0% (0/0),0% (0/0),A,B,A,A,A,B,A,B,A,,A,A,B,B,A,B,A,A,A,A,A,,,,,,,,,,,,,,,,,,,,,,,,,,,,,,,,,,,,,,,
3XJOUITW9LMMM9DPIDW5DNJ544HQT4,38MPDVA2YH6BLH1A0DWYIAD0U2YGM0,Evaluating AI-Generated Images,"You will be shown a series of text descriptions (prompts) and two images. For each pair, you will be asked to choose which of the two images is a better and more realistic match for the given text prompt.",survey,$0.40,Tue Aug 12 06:52:44 PDT 2025,100,BatchId:5338826;OriginalHitTemplateId:928390912;,480,259200,Tue Aug 19 06:52:44 PDT 2025,,,3A7Y0R2P3GJF3NGQJ0IVU8OHDAIXJL,A12Q2V4L5JPDCJ,Submitted,Tue Aug 12 06:53:04 PDT 2025,Tue Aug 12 06:58:45 PDT 2025,Fri Aug 15 06:58:45 PDT 2025,,,,341,0% (0/0),0% (0/0),0% (0/0),A,B,A,A,A,B,A,B,A,B,A,A,B,B,A,B,A,B,B,B,B,A,A,A,B,A,B,B,A,A,A,A,A,A,B,B,B,A,B,A,A,A,A,A,B,A,B,A,A,B,A,B,A,B,A,B,B,A,,
3XJOUITW9LMMM9DPIDW5DNJ544HQT4,38MPDVA2YH6BLH1A0DWYIAD0U2YGM0,Evaluating AI-Generated Images,"You will be shown a series of text descriptions (prompts) and two images. For each pair, you will be asked to choose which of the two images is a better and more realistic match for the given text prompt.",survey,$0.40,Tue Aug 12 06:52:44 PDT 2025,100,BatchId:5338826;OriginalHitTemplateId:928390912;,480,259200,Tue Aug 19 06:52:44 PDT 2025,,,3B1NLC6UHRR03COYP3NB3IAYJJUPGN,A252PTBVQXM8A8,Submitted,Tue Aug 12 06:53:38 PDT 2025,Tue Aug 12 06:59:48 PDT 2025,Fri Aug 15 06:59:48 PDT 2025,,,,370,0% (0/0),0% (0/0),0% (0/0),B,A,B,B,B,A,B,A,B,A,B,B,A,A,A,B,A,B,A,B,B,A,A,A,B,B,B,B,B,B,B,B,A,A,A,B,A,A,A,A,A,B,A,A,B,B,B,A,A,A,A,A,A,A,A,A,B,B,,
3XJOUITW9LMMM9DPIDW5DNJ544HQT4,38MPDVA2YH6BLH1A0DWYIAD0U2YGM0,Evaluating AI-Generated Images,"You will be shown a series of text descriptions (prompts) and two images. For each pair, you will be asked to choose which of the two images is a better and more realistic match for the given text prompt.",survey,$0.40,Tue Aug 12 06:52:44 PDT 2025,100,BatchId:5338826;OriginalHitTemplateId:928390912;,480,259200,Tue Aug 19 06:52:44 PDT 2025,,,3B3WTRP3E3XPWV0K9Z6PFOGI4W692S,AO100VY5NH3M6,Submitted,Tue Aug 12 07:01:18 PDT 2025,Tue Aug 12 07:07:20 PDT 2025,Fri Aug 15 07:07:20 PDT 2025,,,,362,0% (0/0),0% (0/0),0% (0/0),B,A,B,B,A,A,A,B,A,A,A,A,B,B,A,A,A,B,B,B,A,B,A,A,B,B,A,A,A,A,A,B,B,B,B,B,B,A,A,,A,A,A,A,A,A,A,A,A,A,A,A,A,A,A,A,A,A,,
3XJOUITW9LMMM9DPIDW5DNJ544HQT4,38MPDVA2YH6BLH1A0DWYIAD0U2YGM0,Evaluating AI-Generated Images,"You will be shown a series of text descriptions (prompts) and two images. For each pair, you will be asked to choose which of the two images is a better and more realistic match for the given text prompt.",survey,$0.40,Tue Aug 12 06:52:44 PDT 2025,100,BatchId:5338826;OriginalHitTemplateId:928390912;,480,259200,Tue Aug 19 06:52:44 PDT 2025,,,3BQU611VGHF0WFLJU8L4PBOWA2G99K,A158BSH3ALDZ17,Submitted,Tue Aug 12 07:01:18 PDT 2025,Tue Aug 12 07:07:55 PDT 2025,Fri Aug 15 07:07:55 PDT 2025,,,,397,0% (0/0),0% (0/0),0% (0/0),A,B,A,B,B,A,A,B,B,B,B,B,B,B,B,A,B,B,B,B,B,B,B,A,B,A,B,B,B,A,B,A,B,A,B,A,B,A,B,B,B,B,A,B,B,A,A,A,B,A,B,B,B,A,A,B,B,A,,
3XJOUITW9LMMM9DPIDW5DNJ544HQT4,38MPDVA2YH6BLH1A0DWYIAD0U2YGM0,Evaluating AI-Generated Images,"You will be shown a series of text descriptions (prompts) and two images. For each pair, you will be asked to choose which of the two images is a better and more realistic match for the given text prompt.",survey,$0.40,Tue Aug 12 06:52:44 PDT 2025,100,BatchId:5338826;OriginalHitTemplateId:928390912;,480,259200,Tue Aug 19 06:52:44 PDT 2025,,,3BV8HQ2Z0OWRJFTQO7WS1W8EQJQ6AL,A30OSAXFZWQ2LC,Submitted,Tue Aug 12 07:01:18 PDT 2025,Tue Aug 12 07:08:21 PDT 2025,Fri Aug 15 07:08:21 PDT 2025,,,,423,0% (0/0),0% (0/0),0% (0/0),B,A,B,B,B,A,B,A,B,A,B,B,A,A,A,B,A,B,A,B,B,A,A,A,B,A,B,B,A,B,A,A,B,B,A,A,B,A,A,A,A,A,A,A,B,A,B,A,A,A,A,A,A,A,A,A,B,B,,
3XJOUITW9LMMM9DPIDW5DNJ544HQT4,38MPDVA2YH6BLH1A0DWYIAD0U2YGM0,Evaluating AI-Generated Images,"You will be shown a series of text descriptions (prompts) and two images. For each pair, you will be asked to choose which of the two images is a better and more realistic match for the given text prompt.",survey,$0.40,Tue Aug 12 06:52:44 PDT 2025,100,BatchId:5338826;OriginalHitTemplateId:928390912;,480,259200,Tue Aug 19 06:52:44 PDT 2025,,,3BXQMRHWLRTDNRSGHSK0QTHUNMWUMU,A1VDKS4VBJSAXV,Submitted,Tue Aug 12 06:53:03 PDT 2025,Tue Aug 12 06:58:21 PDT 2025,Fri Aug 15 06:58:21 PDT 2025,,,,318,0% (0/0),0% (0/0),0% (0/0),A,B,A,A,A,A,A,B,A,B,B,B,B,A,A,B,A,B,A,A,B,A,A,A,B,B,B,B,B,A,B,A,B,B,A,B,B,A,B,B,B,B,A,A,B,A,B,A,A,B,A,B,A,B,A,B,B,B,,
3XJOUITW9LMMM9DPIDW5DNJ544HQT4,38MPDVA2YH6BLH1A0DWYIAD0U2YGM0,Evaluating AI-Generated Images,"You will be shown a series of text descriptions (prompts) and two images. For each pair, you will be asked to choose which of the two images is a better and more realistic match for the given text prompt.",survey,$0.40,Tue Aug 12 06:52:44 PDT 2025,100,BatchId:5338826;OriginalHitTemplateId:928390912;,480,259200,Tue Aug 19 06:52:44 PDT 2025,,,3C6FJU71UIODH8HU0V8BKO41WWCYUQ,A2CXI9303KPVD8,Submitted,Tue Aug 12 06:53:28 PDT 2025,Tue Aug 12 06:58:21 PDT 2025,Fri Aug 15 06:58:21 PDT 2025,,,,293,0% (0/0),0% (0/0),0% (0/0),A,A,B,B,B,A,B,A,B,A,B,B,A,A,A,A,A,B,A,B,B,A,A,A,A,A,B,B,A,B,B,A,A,B,B,A,B,B,B,B,B,B,,,,A,B,B,A,B,A,B,A,B,B,B,B,B,,
3XJOUITW9LMMM9DPIDW5DNJ544HQT4,38MPDVA2YH6BLH1A0DWYIAD0U2YGM0,Evaluating AI-Generated Images,"You will be shown a series of text descriptions (prompts) and two images. For each pair, you will be asked to choose which of the two images is a better and more realistic match for the given text prompt.",survey,$0.40,Tue Aug 12 06:52:44 PDT 2025,100,BatchId:5338826;OriginalHitTemplateId:928390912;,480,259200,Tue Aug 19 06:52:44 PDT 2025,,,3D3VGR7TBSAKLDSP7GKGPJL4GWC3RK,A22OEVQ0RIXQ7Z,Submitted,Tue Aug 12 07:01:18 PDT 2025,Tue Aug 12 07:08:20 PDT 2025,Fri Aug 15 07:08:20 PDT 2025,,,,422,0% (0/0),0% (0/0),0% (0/0),B,A,B,B,B,A,B,A,B,A,B,B,A,A,A,A,A,B,A,A,B,A,B,B,B,A,B,B,B,B,A,A,B,B,A,A,B,A,B,B,A,A,A,A,B,A,B,A,A,B,A,B,A,B,A,B,B,A,,
3XJOUITW9LMMM9DPIDW5DNJ544HQT4,38MPDVA2YH6BLH1A0DWYIAD0U2YGM0,Evaluating AI-Generated Images,"You will be shown a series of text descriptions (prompts) and two images. For each pair, you will be asked to choose which of the two images is a better and more realistic match for the given text prompt.",survey,$0.40,Tue Aug 12 06:52:44 PDT 2025,100,BatchId:5338826;OriginalHitTemplateId:928390912;,480,259200,Tue Aug 19 06:52:44 PDT 2025,,,3EJJQNKUAJ0ZFLZOM19ITDMEZ1TRHE,AW7JEJN4KPU6B,Submitted,Tue Aug 12 06:53:03 PDT 2025,Tue Aug 12 06:56:34 PDT 2025,Fri Aug 15 06:56:34 PDT 2025,,,,211,0% (0/0),0% (0/0),0% (0/0),B,A,B,B,B,A,B,A,B,A,B,B,A,A,A,A,B,B,B,A,A,A,B,A,B,B,A,A,A,A,B,B,B,B,B,B,B,B,B,A,B,B,B,B,B,B,B,B,B,B,A,A,B,B,B,B,B,B,,
3XJOUITW9LMMM9DPIDW5DNJ544HQT4,38MPDVA2YH6BLH1A0DWYIAD0U2YGM0,Evaluating AI-Generated Images,"You will be shown a series of text descriptions (prompts) and two images. For each pair, you will be asked to choose which of the two images is a better and more realistic match for the given text prompt.",survey,$0.40,Tue Aug 12 06:52:44 PDT 2025,100,BatchId:5338826;OriginalHitTemplateId:928390912;,480,259200,Tue Aug 19 06:52:44 PDT 2025,,,3G0WWMR1VNFRDG6ZCKFVT795PR3QNO,A1JSCKBV95TCYF,Submitted,Tue Aug 12 07:02:09 PDT 2025,Tue Aug 12 07:06:26 PDT 2025,Fri Aug 15 07:06:26 PDT 2025,,,,257,0% (0/0),0% (0/0),0% (0/0),B,A,B,B,B,A,B,A,B,A,A,B,A,A,A,A,B,B,A,B,A,B,B,A,B,A,A,A,B,B,B,B,A,A,B,B,B,A,B,B,A,A,B,B,B,A,A,B,A,A,B,B,B,A,A,A,B,B,,
3XJOUITW9LMMM9DPIDW5DNJ544HQT4,38MPDVA2YH6BLH1A0DWYIAD0U2YGM0,Evaluating AI-Generated Images,"You will be shown a series of text descriptions (prompts) and two images. For each pair, you will be asked to choose which of the two images is a better and more realistic match for the given text prompt.",survey,$0.40,Tue Aug 12 06:52:44 PDT 2025,100,BatchId:5338826;OriginalHitTemplateId:928390912;,480,259200,Tue Aug 19 06:52:44 PDT 2025,,,3H0W84IWCCXNVB8MW01C8AP17L1REY,A2E2BOX05LNX9H,Submitted,Tue Aug 12 06:58:41 PDT 2025,Tue Aug 12 07:01:54 PDT 2025,Fri Aug 15 07:01:54 PDT 2025,,,,193,0% (0/0),0% (0/0),0% (0/0),B,B,A,B,A,B,B,B,A,A,B,A,B,B,B,A,A,B,B,B,B,B,B,B,A,B,B,A,B,B,B,B,A,B,B,A,B,A,A,B,B,B,A,B,B,A,A,A,A,B,,A,B,B,B,B,B,B,,
3XJOUITW9LMMM9DPIDW5DNJ544HQT4,38MPDVA2YH6BLH1A0DWYIAD0U2YGM0,Evaluating AI-Generated Images,"You will be shown a series of text descriptions (prompts) and two images. For each pair, you will be asked to choose which of the two images is a better and more realistic match for the given text prompt.",survey,$0.40,Tue Aug 12 06:52:44 PDT 2025,100,BatchId:5338826;OriginalHitTemplateId:928390912;,480,259200,Tue Aug 19 06:52:44 PDT 2025,,,3HFNH7HEN99L3OPDPG203N08OFGGQ5,A1YZ7J6QEAOE58,Submitted,Tue Aug 12 06:53:28 PDT 2025,Tue Aug 12 06:58:39 PDT 2025,Fri Aug 15 06:58:39 PDT 2025,,,,311,0% (0/0),0% (0/0),0% (0/0),,A,B,B,B,A,B,A,B,A,B,B,A,A,A,B,A,B,A,B,B,A,A,B,B,A,B,B,B,B,A,A,B,B,B,A,B,A,B,A,A,A,A,A,B,A,B,A,A,B,A,B,A,B,A,A,B,A,,
3XJOUITW9LMMM9DPIDW5DNJ544HQT4,38MPDVA2YH6BLH1A0DWYIAD0U2YGM0,Evaluating AI-Generated Images,"You will be shown a series of text descriptions (prompts) and two images. For each pair, you will be asked to choose which of the two images is a better and more realistic match for the given text prompt.",survey,$0.40,Tue Aug 12 06:52:44 PDT 2025,100,BatchId:5338826;OriginalHitTemplateId:928390912;,480,259200,Tue Aug 19 06:52:44 PDT 2025,,,3IRIK4HM42FFCUQO8LSJ7RY2QMB6CN,ATP1INZR3RMV,Submitted,Tue Aug 12 07:01:18 PDT 2025,Tue Aug 12 07:06:55 PDT 2025,Fri Aug 15 07:06:55 PDT 2025,,,,337,0% (0/0),0% (0/0),0% (0/0),B,A,B,B,A,A,B,A,,B,A,B,,B,B,B,B,B,B,A,A,B,B,B,A,B,A,A,A,A,A,A,A,B,A,A,A,B,B,B,A,A,A,A,B,A,B,A,A,B,A,B,A,A,A,B,B,A,,
3XJOUITW9LMMM9DPIDW5DNJ544HQT4,38MPDVA2YH6BLH1A0DWYIAD0U2YGM0,Evaluating AI-Generated Images,"You will be shown a series of text descriptions (prompts) and two images. For each pair, you will be asked to choose which of the two images is a better and more realistic match for the given text prompt.",survey,$0.40,Tue Aug 12 06:52:44 PDT 2025,100,BatchId:5338826;OriginalHitTemplateId:928390912;,480,259200,Tue Aug 19 06:52:44 PDT 2025,,,3JW0YLFXSLBMK7BZGU5OHF4I64LWWM,AD9NB76OL5ZXT,Submitted,Tue Aug 12 07:01:18 PDT 2025,Tue Aug 12 07:05:21 PDT 2025,Fri Aug 15 07:05:21 PDT 2025,,,,243,0% (0/0),0% (0/0),0% (0/0),B,A,B,A,B,A,B,A,B,A,B,A,B,A,B,A,B,A,B,,A,B,A,B,A,B,A,A,B,A,A,B,A,B,A,B,A,B,A,B,A,B,A,B,A,B,A,B,B,A,A,A,B,B,B,A,B,A,,
3XJOUITW9LMMM9DPIDW5DNJ544HQT4,38MPDVA2YH6BLH1A0DWYIAD0U2YGM0,Evaluating AI-Generated Images,"You will be shown a series of text descriptions (prompts) and two images. For each pair, you will be asked to choose which of the two images is a better and more realistic match for the given text prompt.",survey,$0.40,Tue Aug 12 06:52:44 PDT 2025,100,BatchId:5338826;OriginalHitTemplateId:928390912;,480,259200,Tue Aug 19 06:52:44 PDT 2025,,,3LEIZ60CEBUF263WY6F32ZQPP54Z9P,A3ILTQ7WTSNLTC,Submitted,Tue Aug 12 07:01:18 PDT 2025,Tue Aug 12 07:08:26 PDT 2025,Fri Aug 15 07:08:26 PDT 2025,,,,428,0% (0/0),0% (0/0),0% (0/0),B,A,B,B,B,A,B,A,B,A,B,B,A,A,A,A,A,B,A,B,B,A,A,B,B,A,B,B,B,B,A,A,B,B,B,A,B,A,B,A,A,A,B,A,B,A,B,A,A,B,A,B,A,B,A,B,B,A,,
3XJOUITW9LMMM9DPIDW5DNJ544HQT4,38MPDVA2YH6BLH1A0DWYIAD0U2YGM0,Evaluating AI-Generated Images,"You will be shown a series of text descriptions (prompts) and two images. For each pair, you will be asked to choose which of the two images is a better and more realistic match for the given text prompt.",survey,$0.40,Tue Aug 12 06:52:44 PDT 2025,100,BatchId:5338826;OriginalHitTemplateId:928390912;,480,259200,Tue Aug 19 06:52:44 PDT 2025,,,3M23Y66PPU2VJBFK57IJMW2KCPX6SH,A226CFPB7NV4R8,Submitted,Tue Aug 12 07:01:38 PDT 2025,Tue Aug 12 07:08:23 PDT 2025,Fri Aug 15 07:08:23 PDT 2025,,,,405,0% (0/0),0% (0/0),0% (0/0),B,A,B,B,B,A,B,A,B,A,B,B,A,A,A,A,A,B,A,B,B,A,A,A,B,A,A,B,B,B,A,A,B,B,A,A,B,A,B,A,A,A,B,A,B,A,B,A,A,B,A,B,A,B,A,B,B,A,,
3XJOUITW9LMMM9DPIDW5DNJ544HQT4,38MPDVA2YH6BLH1A0DWYIAD0U2YGM0,Evaluating AI-Generated Images,"You will be shown a series of text descriptions (prompts) and two images. For each pair, you will be asked to choose which of the two images is a better and more realistic match for the given text prompt.",survey,$0.40,Tue Aug 12 06:52:44 PDT 2025,100,BatchId:5338826;OriginalHitTemplateId:928390912;,480,259200,Tue Aug 19 06:52:44 PDT 2025,,,3NPFYT4I04Z5CLQPBUXSXVW1LI1XGH,A32BQKMVUH8ZYJ,Submitted,Tue Aug 12 07:00:57 PDT 2025,Tue Aug 12 07:07:39 PDT 2025,Fri Aug 15 07:07:39 PDT 2025,,,,402,0% (0/0),0% (0/0),0% (0/0),B,A,B,B,B,A,B,A,B,A,B,B,A,A,A,B,A,B,A,B,B,A,A,A,B,B,B,B,B,B,A,A,B,B,B,A,B,B,A,B,A,A,B,A,B,A,B,A,A,B,A,B,A,B,A,B,B,A,,
3XJOUITW9LMMM9DPIDW5DNJ544HQT4,38MPDVA2YH6BLH1A0DWYIAD0U2YGM0,Evaluating AI-Generated Images,"You will be shown a series of text descriptions (prompts) and two images. For each pair, you will be asked to choose which of the two images is a better and more realistic match for the given text prompt.",survey,$0.40,Tue Aug 12 06:52:44 PDT 2025,100,BatchId:5338826;OriginalHitTemplateId:928390912;,480,259200,Tue Aug 19 06:52:44 PDT 2025,,,3NPI0JQDBG048HA493MI21PN9D3PTX,A17NIOHXN7SQ5O,Submitted,Tue Aug 12 06:53:39 PDT 2025,Tue Aug 12 06:59:18 PDT 2025,Fri Aug 15 06:59:18 PDT 2025,,,,339,0% (0/0),0% (0/0),0% (0/0),B,B,A,A,B,A,A,B,B,A,B,B,B,B,B,B,A,B,,B,B,B,B,B,,,B,A,B,A,A,B,B,B,B,B,B,A,B,B,B,A,A,A,A,A,B,B,B,A,A,A,B,B,A,B,A,B,,
3XJOUITW9LMMM9DPIDW5DNJ544HQT4,38MPDVA2YH6BLH1A0DWYIAD0U2YGM0,Evaluating AI-Generated Images,"You will be shown a series of text descriptions (prompts) and two images. For each pair, you will be asked to choose which of the two images is a better and more realistic match for the given text prompt.",survey,$0.40,Tue Aug 12 06:52:44 PDT 2025,100,BatchId:5338826;OriginalHitTemplateId:928390912;,480,259200,Tue Aug 19 06:52:44 PDT 2025,,,3OVHNO1VFYWR5WGDAMK5OV9FGQKZD7,A3H1B8Z9KFRG3N,Submitted,Tue Aug 12 07:01:38 PDT 2025,Tue Aug 12 07:07:18 PDT 2025,Fri Aug 15 07:07:18 PDT 2025,,,,340,0% (0/0),0% (0/0),0% (0/0),B,A,B,B,B,A,B,A,B,A,B,B,A,A,A,B,A,A,A,B,B,A,A,B,B,B,B,B,B,B,B,A,B,B,B,A,B,A,B,A,A,A,B,A,B,A,B,A,A,B,A,B,A,,A,B,B,A,,
3XJOUITW9LMMM9DPIDW5DNJ544HQT4,38MPDVA2YH6BLH1A0DWYIAD0U2YGM0,Evaluating AI-Generated Images,"You will be shown a series of text descriptions (prompts) and two images. For each pair, you will be asked to choose which of the two images is a better and more realistic match for the given text prompt.",survey,$0.40,Tue Aug 12 06:52:44 PDT 2025,100,BatchId:5338826;OriginalHitTemplateId:928390912;,480,259200,Tue Aug 19 06:52:44 PDT 2025,,,3PPTZCWAMIFLU5KIF8QPOUGEZ59ZQC,A2UBDLRVQWZV3K,Submitted,Tue Aug 12 07:01:49 PDT 2025,Tue Aug 12 07:06:19 PDT 2025,Fri Aug 15 07:06:19 PDT 2025,,,,270,0% (0/0),0% (0/0),0% (0/0),A,A,B,B,B,A,B,A,B,A,B,B,A,A,A,B,A,B,A,A,B,A,A,A,B,A,B,B,B,B,B,A,B,B,B,A,B,A,B,B,A,B,A,A,B,A,B,A,A,B,A,B,A,B,A,B,B,A,,
3XJOUITW9LMMM9DPIDW5DNJ544HQT4,38MPDVA2YH6BLH1A0DWYIAD0U2YGM0,Evaluating AI-Generated Images,"You will be shown a series of text descriptions (prompts) and two images. For each pair, you will be asked to choose which of the two images is a better and more realistic match for the given text prompt.",survey,$0.40,Tue Aug 12 06:52:44 PDT 2025,100,BatchId:5338826;OriginalHitTemplateId:928390912;,480,259200,Tue Aug 19 06:52:44 PDT 2025,,,3QY5DC2MYJF7HH0ZV5GNV3XLQLLUFO,A1OU8857XHDY0U,Submitted,Tue Aug 12 06:53:26 PDT 2025,Tue Aug 12 06:57:09 PDT 2025,Fri Aug 15 06:57:09 PDT 2025,,,,223,0% (0/0),0% (0/0),0% (0/0),A,B,A,B,A,B,A,B,A,B,A,B,A,B,A,B,A,B,A,B,A,B,A,B,A,B,A,B,A,B,A,B,A,B,A,B,A,B,A,B,A,B,A,B,A,B,A,B,A,B,A,B,B,A,B,A,B,A,,
3XJOUITW9LMMM9DPIDW5DNJ544HQT4,38MPDVA2YH6BLH1A0DWYIAD0U2YGM0,Evaluating AI-Generated Images,"You will be shown a series of text descriptions (prompts) and two images. For each pair, you will be asked to choose which of the two images is a better and more realistic match for the given text prompt.",survey,$0.40,Tue Aug 12 06:52:44 PDT 2025,100,BatchId:5338826;OriginalHitTemplateId:928390912;,480,259200,Tue Aug 19 06:52:44 PDT 2025,,,3S06PH7KTJZUA0V52BBDW1P33B91DM,A37HUVGB6ZT2ET,Submitted,Tue Aug 12 06:53:38 PDT 2025,Tue Aug 12 06:58:29 PDT 2025,Fri Aug 15 06:58:29 PDT 2025,,,,291,0% (0/0),0% (0/0),0% (0/0),A,A,A,B,A,A,A,B,A,B,B,A,B,B,B,B,B,A,B,A,B,A,A,A,A,A,A,A,B,B,A,A,A,A,A,A,B,B,B,B,B,B,B,B,B,A,B,B,A,A,B,B,A,B,B,A,B,B,,
3XJOUITW9LMMM9DPIDW5DNJ544HQT4,38MPDVA2YH6BLH1A0DWYIAD0U2YGM0,Evaluating AI-Generated Images,"You will be shown a series of text descriptions (prompts) and two images. For each pair, you will be asked to choose which of the two images is a better and more realistic match for the given text prompt.",survey,$0.40,Tue Aug 12 06:52:44 PDT 2025,100,BatchId:5338826;OriginalHitTemplateId:928390912;,480,259200,Tue Aug 19 06:52:44 PDT 2025,,,3SKRO2GZ8TM2O61FUSX00EKTNK41KX,A13X9IZ30RWLJI,Submitted,Tue Aug 12 07:01:18 PDT 2025,Tue Aug 12 07:06:23 PDT 2025,Fri Aug 15 07:06:23 PDT 2025,,,,305,0% (0/0),0% (0/0),0% (0/0),B,A,B,B,B,A,B,A,B,A,B,B,A,A,A,A,A,A,A,B,B,A,A,A,B,B,B,B,B,B,B,A,B,B,A,B,B,A,A,A,A,A,A,A,B,B,B,A,A,B,A,B,A,B,A,A,B,A,,
3XJOUITW9LMMM9DPIDW5DNJ544HQT4,38MPDVA2YH6BLH1A0DWYIAD0U2YGM0,Evaluating AI-Generated Images,"You will be shown a series of text descriptions (prompts) and two images. For each pair, you will be asked to choose which of the two images is a better and more realistic match for the given text prompt.",survey,$0.40,Tue Aug 12 06:52:44 PDT 2025,100,BatchId:5338826;OriginalHitTemplateId:928390912;,480,259200,Tue Aug 19 06:52:44 PDT 2025,,,3SNLUL3WPWITH9AVHGJLQG25NH6ULS,A2P2M0XLROWOHP,Submitted,Tue Aug 12 07:01:07 PDT 2025,Tue Aug 12 07:07:55 PDT 2025,Fri Aug 15 07:07:55 PDT 2025,,,,408,0% (0/0),0% (0/0),0% (0/0),B,A,B,B,B,A,B,B,A,B,A,A,B,B,A,A,A,B,A,B,B,A,A,A,B,B,B,B,B,B,B,A,B,B,A,A,B,A,B,A,A,A,A,A,B,A,B,A,A,B,A,B,A,A,A,A,B,B,,
3XJOUITW9LMMM9DPIDW5DNJ544HQT4,38MPDVA2YH6BLH1A0DWYIAD0U2YGM0,Evaluating AI-Generated Images,"You will be shown a series of text descriptions (prompts) and two images. For each pair, you will be asked to choose which of the two images is a better and more realistic match for the given text prompt.",survey,$0.40,Tue Aug 12 06:52:44 PDT 2025,100,BatchId:5338826;OriginalHitTemplateId:928390912;,480,259200,Tue Aug 19 06:52:44 PDT 2025,,,3SNLUL3WPWITH9AVHGJLQG25NH9LUM,A3E8QJXPPBWZVA,Submitted,Tue Aug 12 06:53:50 PDT 2025,Tue Aug 12 07:00:44 PDT 2025,Fri Aug 15 07:00:44 PDT 2025,,,,414,0% (0/0),0% (0/0),0% (0/0),A,A,A,A,A,A,A,B,A,B,B,B,A,A,A,A,A,B,A,B,,B,A,B,B,B,B,B,B,B,B,,B,B,A,B,B,B,B,B,B,B,A,B,B,B,B,A,,B,,B,,,B,A,B,B,,
3XJOUITW9LMMM9DPIDW5DNJ544HQT4,38MPDVA2YH6BLH1A0DWYIAD0U2YGM0,Evaluating AI-Generated Images,"You will be shown a series of text descriptions (prompts) and two images. For each pair, you will be asked to choose which of the two images is a better and more realistic match for the given text prompt.",survey,$0.40,Tue Aug 12 06:52:44 PDT 2025,100,BatchId:5338826;OriginalHitTemplateId:928390912;,480,259200,Tue Aug 19 06:52:44 PDT 2025,,,3TE22NPXQ37Y239VWITMRV202IO44N,A36W7PXGQGBEQX,Submitted,Tue Aug 12 07:01:18 PDT 2025,Tue Aug 12 07:06:58 PDT 2025,Fri Aug 15 07:06:58 PDT 2025,,,,340,0% (0/0),0% (0/0),0% (0/0),B,A,B,B,B,A,B,A,B,A,B,B,A,A,A,A,A,B,A,B,B,A,A,B,B,A,B,B,B,B,A,A,A,B,A,B,A,A,A,A,A,A,A,A,B,A,B,A,A,B,A,B,A,B,A,A,B,A,,
3XJOUITW9LMMM9DPIDW5DNJ544HQT4,38MPDVA2YH6BLH1A0DWYIAD0U2YGM0,Evaluating AI-Generated Images,"You will be shown a series of text descriptions (prompts) and two images. For each pair, you will be asked to choose which of the two images is a better and more realistic match for the given text prompt.",survey,$0.40,Tue Aug 12 06:52:44 PDT 2025,100,BatchId:5338826;OriginalHitTemplateId:928390912;,480,259200,Tue Aug 19 06:52:44 PDT 2025,,,3TEM0PF1RXSU3BAN6S7DIW6TYJ20DH,AOG7B2ZS8MD6W,Submitted,Tue Aug 12 06:53:27 PDT 2025,Tue Aug 12 06:56:33 PDT 2025,Fri Aug 15 06:56:33 PDT 2025,,,,186,0% (0/0),0% (0/0),0% (0/0),A,B,A,A,B,A,B,A,B,B,A,B,B,A,B,A,B,A,B,A,B,A,B,A,B,A,B,A,B,A,B,A,B,A,B,A,B,A,B,A,A,B,A,A,B,,B,A,B,A,B,A,B,A,B,A,B,A,,
3XJOUITW9LMMM9DPIDW5DNJ544HQT4,38MPDVA2YH6BLH1A0DWYIAD0U2YGM0,Evaluating AI-Generated Images,"You will be shown a series of text descriptions (prompts) and two images. For each pair, you will be asked to choose which of the two images is a better and more realistic match for the given text prompt.",survey,$0.40,Tue Aug 12 06:52:44 PDT 2025,100,BatchId:5338826;OriginalHitTemplateId:928390912;,480,259200,Tue Aug 19 06:52:44 PDT 2025,,,3TXWC2NHORLI1UHI3ELV66TM2Q5S9E,A1L37S0RVI2OYT,Submitted,Tue Aug 12 06:53:15 PDT 2025,Tue Aug 12 06:58:37 PDT 2025,Fri Aug 15 06:58:37 PDT 2025,,,,322,0% (0/0),0% (0/0),0% (0/0),,,,,,,,,,,,,,,,,,,,,,A,B,A,B,A,A,A,B,A,A,B,A,A,B,A,A,B,A,A,A,B,A,A,B,A,A,B,A,A,B,A,A,A,A,B,A,A,,
3XJOUITW9LMMM9DPIDW5DNJ544HQT4,38MPDVA2YH6BLH1A0DWYIAD0U2YGM0,Evaluating AI-Generated Images,"You will be shown a series of text descriptions (prompts) and two images. For each pair, you will be asked to choose which of the two images is a better and more realistic match for the given text prompt.",survey,$0.40,Tue Aug 12 06:52:44 PDT 2025,100,BatchId:5338826;OriginalHitTemplateId:928390912;,480,259200,Tue Aug 19 06:52:44 PDT 2025,,,3TXWC2NHORLI1UHI3ELV66TM2Q69SW,A1DMO9Z3AYTUCT,Submitted,Tue Aug 12 07:01:38 PDT 2025,Tue Aug 12 07:05:10 PDT 2025,Fri Aug 15 07:05:10 PDT 2025,,,,212,0% (0/0),0% (0/0),0% (0/0),B,A,A,B,B,A,B,A,B,B,A,B,A,A,B,B,B,B,B,B,A,B,A,B,B,B,A,A,A,A,B,B,A,A,B,B,A,A,B,A,B,B,A,A,B,A,B,A,B,A,A,A,A,B,B,A,B,A,,
3XJOUITW9LMMM9DPIDW5DNJ544HQT4,38MPDVA2YH6BLH1A0DWYIAD0U2YGM0,Evaluating AI-Generated Images,"You will be shown a series of text descriptions (prompts) and two images. For each pair, you will be asked to choose which of the two images is a better and more realistic match for the given text prompt.",survey,$0.40,Tue Aug 12 06:52:44 PDT 2025,100,BatchId:5338826;OriginalHitTemplateId:928390912;,480,259200,Tue Aug 19 06:52:44 PDT 2025,,,3VW6495TMBVUYH1ZAW50N9AESKLYYM,A35FLQN48N5C31,Submitted,Tue Aug 12 06:53:03 PDT 2025,Tue Aug 12 07:00:47 PDT 2025,Fri Aug 15 07:00:47 PDT 2025,,,,464,0% (0/0),0% (0/0),0% (0/0),,,,,,B,B,B,,B,A,,B,A,B,B,A,B,B,A,B,B,,A,B,B,A,B,B,B,A,B,,B,B,B,B,B,B,A,B,B,A,B,,B,B,,B,B,B,A,B,B,B,B,B,A,,
3XJOUITW9LMMM9DPIDW5DNJ544HQT4,38MPDVA2YH6BLH1A0DWYIAD0U2YGM0,Evaluating AI-Generated Images,"You will be shown a series of text descriptions (prompts) and two images. For each pair, you will be asked to choose which of the two images is a better and more realistic match for the given text prompt.",survey,$0.40,Tue Aug 12 06:52:44 PDT 2025,100,BatchId:5338826;OriginalHitTemplateId:928390912;,480,259200,Tue Aug 19 06:52:44 PDT 2025,,,3W2LOLRXM3AQHB0WSMCF6526RIXRKI,A2X7FTP5ZB892R,Submitted,Tue Aug 12 06:53:03 PDT 2025,Tue Aug 12 06:57:48 PDT 2025,Fri Aug 15 06:57:48 PDT 2025,,,,285,0% (0/0),0% (0/0),0% (0/0),B,B,B,B,B,A,B,A,B,A,B,B,A,A,A,A,A,A,A,B,B,A,A,A,A,B,B,B,B,B,B,A,B,B,A,A,B,A,A,A,A,B,A,A,B,A,B,A,A,B,A,B,A,B,A,B,B,A,,
3XJOUITW9LMMM9DPIDW5DNJ544HQT4,38MPDVA2YH6BLH1A0DWYIAD0U2YGM0,Evaluating AI-Generated Images,"You will be shown a series of text descriptions (prompts) and two images. For each pair, you will be asked to choose which of the two images is a better and more realistic match for the given text prompt.",survey,$0.40,Tue Aug 12 06:52:44 PDT 2025,100,BatchId:5338826;OriginalHitTemplateId:928390912;,480,259200,Tue Aug 19 06:52:44 PDT 2025,,,3WETL7AQXL3VGQURA97DMIG8OEP358,A2R0PSFP0TU9XW,Submitted,Tue Aug 12 07:01:49 PDT 2025,Tue Aug 12 07:03:23 PDT 2025,Fri Aug 15 07:03:23 PDT 2025,,,,94,0% (0/0),0% (0/0),0% (0/0),A,A,B,A,B,B,B,B,B,A,A,A,A,B,B,B,B,B,B,A,A,A,A,A,A,B,B,B,B,B,B,B,A,A,A,A,A,A,A,B,B,B,B,B,B,A,A,A,A,A,A,B,B,B,B,B,B,B,,
3XJOUITW9LMMM9DPIDW5DNJ544HQT4,38MPDVA2YH6BLH1A0DWYIAD0U2YGM0,Evaluating AI-Generated Images,"You will be shown a series of text descriptions (prompts) and two images. For each pair, you will be asked to choose which of the two images is a better and more realistic match for the given text prompt.",survey,$0.40,Tue Aug 12 06:52:44 PDT 2025,100,BatchId:5338826;OriginalHitTemplateId:928390912;,480,259200,Tue Aug 19 06:52:44 PDT 2025,,,3X31TUMD8PHD8CJXFS91FEX8CK91L0,A1PLAGH932R7ZV,Submitted,Tue Aug 12 06:53:03 PDT 2025,Tue Aug 12 07:00:32 PDT 2025,Fri Aug 15 07:00:32 PDT 2025,,,,449,0% (0/0),0% (0/0),0% (0/0),A,B,A,B,A,B,B,B,B,A,B,A,B,B,A,B,A,B,B,A,B,B,B,A,B,B,A,B,A,B,B,A,B,A,B,A,B,A,B,A,B,A,B,A,A,B,B,B,B,B,A,B,A,A,B,B,A,B,,
3XJOUITW9LMMM9DPIDW5DNJ544HQT4,38MPDVA2YH6BLH1A0DWYIAD0U2YGM0,Evaluating AI-Generated Images,"You will be shown a series of text descriptions (prompts) and two images. For each pair, you will be asked to choose which of the two images is a better and more realistic match for the given text prompt.",survey,$0.40,Tue Aug 12 06:52:44 PDT 2025,100,BatchId:5338826;OriginalHitTemplateId:928390912;,480,259200,Tue Aug 19 06:52:44 PDT 2025,,,3X87C8JFWY6OTTY4KGWHS1JBCQBSQ2,A1JMRB2F3CEGA5,Submitted,Tue Aug 12 06:53:40 PDT 2025,Tue Aug 12 06:58:00 PDT 2025,Fri Aug 15 06:58:00 PDT 2025,,,,260,0% (0/0),0% (0/0),0% (0/0),A,A,B,B,A,B,B,B,A,A,A,A,B,A,B,A,B,A,B,B,B,B,B,A,B,B,B,A,B,A,B,A,B,B,A,,B,A,B,A,A,A,A,B,B,A,B,A,A,A,A,A,B,A,B,A,B,A,,
3XJOUITW9LMMM9DPIDW5DNJ544HQT4,38MPDVA2YH6BLH1A0DWYIAD0U2YGM0,Evaluating AI-Generated Images,"You will be shown a series of text descriptions (prompts) and two images. For each pair, you will be asked to choose which of the two images is a better and more realistic match for the given text prompt.",survey,$0.40,Tue Aug 12 06:52:44 PDT 2025,100,BatchId:5338826;OriginalHitTemplateId:928390912;,480,259200,Tue Aug 19 06:52:44 PDT 2025,,,3XLBSAQ90W7BONF3J9HJO3ZJUFGZ7D,A1OJVQNHQUWKUQ,Submitted,Tue Aug 12 07:01:07 PDT 2025,Tue Aug 12 07:03:35 PDT 2025,Fri Aug 15 07:03:35 PDT 2025,,,,148,0% (0/0),0% (0/0),0% (0/0),A,B,A,B,A,B,A,A,B,B,A,B,A,A,A,B,B,B,B,B,A,A,A,B,B,A,A,A,A,B,A,A,A,B,A,B,A,B,B,A,A,B,A,A,B,A,A,A,A,,A,B,B,B,B,B,A,A,,
3XJOUITW9LMMM9DPIDW5DNJ544HQT4,38MPDVA2YH6BLH1A0DWYIAD0U2YGM0,Evaluating AI-Generated Images,"You will be shown a series of text descriptions (prompts) and two images. For each pair, you will be asked to choose which of the two images is a better and more realistic match for the given text prompt.",survey,$0.40,Tue Aug 12 06:52:44 PDT 2025,100,BatchId:5338826;OriginalHitTemplateId:928390912;,480,259200,Tue Aug 19 06:52:44 PDT 2025,,,3YW4XOSQLIGGR26RO61261TRPB21UU,A1YQKWM6GLY7X5,Submitted,Tue Aug 12 07:01:28 PDT 2025,Tue Aug 12 07:06:32 PDT 2025,Fri Aug 15 07:06:32 PDT 2025,,,,304,0% (0/0),0% (0/0),0% (0/0),B,A,B,B,B,A,B,A,B,A,B,B,A,A,B,A,B,A,B,A,A,A,B,B,A,B,A,A,A,A,B,B,A,A,B,B,B,B,A,B,A,A,A,B,A,A,A,A,B,A,A,A,B,B,B,B,A,A,,
3XJOUITW9LMMM9DPIDW5DNJ544HQT4,38MPDVA2YH6BLH1A0DWYIAD0U2YGM0,Evaluating AI-Generated Images,"You will be shown a series of text descriptions (prompts) and two images. For each pair, you will be asked to choose which of the two images is a better and more realistic match for the given text prompt.",survey,$0.40,Tue Aug 12 06:52:44 PDT 2025,100,BatchId:5338826;OriginalHitTemplateId:928390912;,480,259200,Tue Aug 19 06:52:44 PDT 2025,,,3Z7ISHFUISQFO1KMTE9P23VE5ZMZ80,A3CCZSHRCIV3F3,Submitted,Tue Aug 12 07:01:07 PDT 2025,Tue Aug 12 07:05:47 PDT 2025,Fri Aug 15 07:05:47 PDT 2025,,,,280,0% (0/0),0% (0/0),0% (0/0),A,A,A,A,B,A,A,B,A,A,A,A,A,B,A,B,A,B,A,A,A,A,A,B,A,A,A,B,B,A,B,A,B,A,B,B,B,A,B,A,B,A,A,B,B,A,B,B,A,B,B,A,B,B,B,A,B,A,,
3XJOUITW9LMMM9DPIDW5DNJ544HQT4,38MPDVA2YH6BLH1A0DWYIAD0U2YGM0,Evaluating AI-Generated Images,"You will be shown a series of text descriptions (prompts) and two images. For each pair, you will be asked to choose which of the two images is a better and more realistic match for the given text prompt.",survey,$0.40,Tue Aug 12 06:52:44 PDT 2025,100,BatchId:5338826;OriginalHitTemplateId:928390912;,480,259200,Tue Aug 19 06:52:44 PDT 2025,,,3Z7VU45IQQCXD101UT0ANT86RTGZ1G,A1MZ6JHZUE9I0K,Submitted,Tue Aug 12 07:01:18 PDT 2025,Tue Aug 12 07:08:13 PDT 2025,Fri Aug 15 07:08:13 PDT 2025,,,,415,0% (0/0),0% (0/0),0% (0/0),A,B,A,A,B,B,A,A,A,B,A,A,A,B,A,,,B,A,A,A,B,B,B,B,B,A,A,A,A,A,B,B,A,,A,A,B,B,A,B,A,B,A,A,A,B,B,B,A,B,A,B,A,B,A,A,A,,
3XJOUITW9LMMM9DPIDW5DNJ544HQT4,38MPDVA2YH6BLH1A0DWYIAD0U2YGM0,Evaluating AI-Generated Images,"You will be shown a series of text descriptions (prompts) and two images. For each pair, you will be asked to choose which of the two images is a better and more realistic match for the given text prompt.",survey,$0.40,Tue Aug 12 06:52:44 PDT 2025,100,BatchId:5338826;OriginalHitTemplateId:928390912;,480,259200,Tue Aug 19 06:52:44 PDT 2025,,,3ZGVPD4G7LCYMLCAWCKKTZR1JC8ZTQ,A3NSVQKXFE8K9V,Submitted,Tue Aug 12 06:53:26 PDT 2025,Tue Aug 12 06:59:40 PDT 2025,Fri Aug 15 06:59:40 PDT 2025,,,,374,0% (0/0),0% (0/0),0% (0/0),B,A,B,B,B,A,B,A,B,A,B,B,A,A,A,B,A,B,A,B,B,A,A,A,B,B,B,B,B,B,B,A,B,B,A,A,A,B,A,A,B,A,B,B,B,A,B,A,A,B,A,B,A,B,A,B,B,A,,
3XJOUITW9LMMM9DPIDW5DNJ544HQT4,38MPDVA2YH6BLH1A0DWYIAD0U2YGM0,Evaluating AI-Generated Images,"You will be shown a series of text descriptions (prompts) and two images. For each pair, you will be asked to choose which of the two images is a better and more realistic match for the given text prompt.",survey,$0.40,Tue Aug 12 06:52:44 PDT 2025,100,BatchId:5338826;OriginalHitTemplateId:928390912;,480,259200,Tue Aug 19 06:52:44 PDT 2025,,,3ZV9H2YQR52PT99B6AUMCITL8BR3WN,A3OB9J54NBA3DN,Submitted,Tue Aug 12 06:53:03 PDT 2025,Tue Aug 12 06:59:55 PDT 2025,Fri Aug 15 06:59:55 PDT 2025,,,,412,0% (0/0),0% (0/0),0% (0/0),A,B,B,B,B,A,B,A,,B,B,B,B,B,A,A,B,A,A,B,A,B,A,B,A,B,A,B,B,A,B,B,A,B,A,A,A,B,B,A,B,B,B,B,B,A,B,B,B,A,B,B,B,A,A,B,A,B,,
3XJOUITW9LMMM9DPIDW5DNJ544HQT4,38MPDVA2YH6BLH1A0DWYIAD0U2YGM0,Evaluating AI-Generated Images,"You will be shown a series of text descriptions (prompts) and two images. For each pair, you will be asked to choose which of the two images is a better and more realistic match for the given text prompt.",survey,$0.40,Tue Aug 12 06:52:44 PDT 2025,100,BatchId:5338826;OriginalHitTemplateId:928390912;,480,259200,Tue Aug 19 06:52:44 PDT 2025,,,3ZWFC4W1VM2F1P8IRBLIQSA1JMGRFG,AN4MTZGSPPLW5,Submitted,Tue Aug 12 06:53:03 PDT 2025,Tue Aug 12 06:59:29 PDT 2025,Fri Aug 15 06:59:29 PDT 2025,,,,386,0% (0/0),0% (0/0),0% (0/0),B,A,B,B,B,A,B,A,B,A,B,B,A,A,A,A,A,B,A,B,B,A,A,B,B,A,B,B,B,B,A,A,B,B,B,A,B,A,B,B,A,A,B,A,B,A,B,A,A,B,A,B,A,B,A,B,B,A,,
3XJOUITW9LMMM9DPIDW5DNJ544HQT4,38MPDVA2YH6BLH1A0DWYIAD0U2YGM0,Evaluating AI-Generated Images,"You will be shown a series of text descriptions (prompts) and two images. For each pair, you will be asked to choose which of the two images is a better and more realistic match for the given text prompt.",survey,$0.40,Tue Aug 12 06:52:44 PDT 2025,100,BatchId:5338826;OriginalHitTemplateId:928390912;,480,259200,Tue Aug 19 06:52:44 PDT 2025,,,3ZWFC4W1VM2F1P8IRBLIQSA1JMHRFH,A1LZUZYPU84UNJ,Submitted,Tue Aug 12 07:01:38 PDT 2025,Tue Aug 12 07:08:19 PDT 2025,Fri Aug 15 07:08:19 PDT 2025,,,,401,0% (0/0),0% (0/0),0% (0/0),A,B,A,B,,B,B,A,B,B,B,A,A,A,B,A,A,A,A,A,B,B,B,,B,A,B,A,B,B,B,B,B,A,B,B,B,A,B,B,A,B,B,B,B,A,A,A,A,B,B,A,A,B,A,B,B,A,,
,,,,,,,,,,,,,,,,,,,,,,,,,,,,,,,,,,,,,,,,,,,,,,,,,,,,,,,,,,,,,,,,,,,,,,,,,,,,,,,,,,,,,,
,,,,,,,,,,,,,,,,,,,,,,,,,,A,,Ours,,,,Ours,,Ours,,Ours,,,Ours,Ours,Ours,Ours,Ours,,Ours,,,Ours,Ours,Ours,Ours,Ours,Ours,,Ours,,,Ours,,,,Ours,Ours,,,Ours,Ours,Ours,,Ours,,Ours,,Ours,Ours,,Ours,,Ours,,Ours,,,Ours,,
,,,,,,,,,,,,,,,,,,,,,,,,,,B,Ours,,Ours,Ours,Ours,,Ours,,Ours,,Ours,Ours,,,,,,Ours,,Ours,Ours,,,,,,,Ours,,Ours,Ours,,Ours,Ours,Ours,,,Ours,Ours,,,,Ours,,Ours,,Ours,,,Ours,,Ours,,Ours,,Ours,Ours,,,
,,,,,,,,,,,,,,,,,,,,,,,,,,,28,34,33,40,34,36,36,31,34,32,32,37,35,35,36,27,36,36,31,32,32,33,35,31,19,24,22,31,18,34,29,30,31,34,29,25,20,20,34,32,32,30,19,31,43,42,39,39,37,33,39,35,36,36,34,34,42,37,,
,,,,,,,,,,,,,,,,,,,,,,,,,,,4,4,3,4,4,2,3,2,6,4,3,4,5,3,3,5,4,3,4,4,4,3,4,4,4,4,3,3,3,3,3,4,4,4,4,4,3,4,4,4,3,3,4,4,5,4,4,4,4,4,5,3,4,6,4,3,3,3,,
,,,,,,,,,,,,,,,,,,,,,,,,,,,51.9,63.0,60.0,74.1,63.0,64.3,65.5,55.4,65.4,59.3,58.2,68.5,66.0,63.6,65.5,50.9,66.7,65.5,57.4,59.3,59.3,60.0,64.8,57.4,35.2,44.4,40.0,56.4,32.7,61.8,52.7,55.6,57.4,63.0,53.7,46.3,36.4,37.0,63.0,59.3,58.2,54.5,35.2,57.4,81.1,77.8,72.2,72.2,68.5,61.1,73.6,63.6,66.7,69.2,63.0,61.8,76.4,67.3,,
,,,,,,,,,,,,,,,,,,,,,,,,,,,,,,,,,,,,,,,,,,,,,,,,,,,,,,,,,,,,,,,,,,,,,,,,,,,,,,,,,,,,,,
,,,,,,,,,,,,,,,,,,,,,,,,,Ours,50,A YOUNG PERSON,,,,,,,,,,,,,,An Old Person,,,,,,,,,,An Angry Face,,,,,,,,,,A sad face,,,,,,,,,,Combined edit,,,,,,,,,,,,,,,
,,,,,,,,,,,,,,,,,,,,,,,,,Opponents,8,,,,,,,,62.7,,,,,,,,,,,,60.7,,,,,,,,,,49.9,,,,,,,,,,50.1,,,,,,,,,,,,69.6,,,,,,,,
,,,,,,,,,,,,,,,,,,,,,,,,,,,,,,,,,,,,,,,,,,,,,,,,,,,,,,,,,,,,,,,,,,,,,,,,,,,,,,,,,,,,,,
,,,,,,,,,,,,,,,,,,,,,,,,,,,,,,,,,,,,,,,,,,,,,,,,,,,,,,,,,,,,,,,,,,,,,,,,,,,,,,,,,,,,,,
,,,,,,,,,,,,,,,,,,,,,,,,,,,59.6,,,,,,,,,,,,,,,,,,,,,,,,,,,,,,,,,,,,,,,,,,,,,,,,,,,,,,,,,,,
